source_name,source_domain,url,title,description,published_at,retrieved_at,query_used,article_id,feed_url
BBC,bbc.com,https://www.bbc.com/news/articles/c07xvv9r422o?at_medium=RSS&at_campaign=rss,Big names on Trump's peace panel face huge challenges in Gaza,"Whatever the concerns and complexities, it remains the only plan in town, with many world leaders pledging to support it, writes John Sudworth.",2026-01-17T14:31:00+00:00,2026-02-16T17:10:26.313794+00:00,rss_keyword_filter,868fe2a35c9003c2,https://feeds.bbci.co.uk/news/world/middle_east/rss.xml
BBC,bbc.com,https://www.bbc.com/news/articles/c9vx7kn33elo?at_medium=RSS&at_campaign=rss,Who is on Trump's 'Board of Peace' overseeing Gaza's reconstruction?,The first names of those who will oversee the next phase of the US president's peace plan are announced.,2026-01-17T17:49:03+00:00,2026-02-16T17:10:26.313834+00:00,rss_keyword_filter,f91dcee0f52e1263,https://feeds.bbci.co.uk/news/world/middle_east/rss.xml
BBC,bbc.com,https://www.bbc.com/news/videos/cj0n127y9eqo?at_medium=RSS&at_campaign=rss,BBC visits UN compound Israel is demolishing in East Jerusalem,John Sudworth says the sounds of heavy machinery can be heard echoing around the neighbourhood.,2026-01-20T13:14:59+00:00,2026-02-16T17:10:26.313947+00:00,rss_keyword_filter,09da2084f2738a7b,https://feeds.bbci.co.uk/news/world/middle_east/rss.xml
BBC,bbc.com,https://www.bbc.com/news/articles/c8rm20gm364o?at_medium=RSS&at_campaign=rss,'I can breathe again' says Israeli hostage held for nearly 500 days in Gaza,"In his first international interview, Sasha Troufanov tells the BBC how he thought he would die in captivity after he was taken hostage on 7 October 2023.",2026-01-29T16:25:40+00:00,2026-02-16T17:10:26.313683+00:00,rss_keyword_filter,8914d47036f97cc8,https://feeds.bbci.co.uk/news/world/middle_east/rss.xml
BBC,bbc.com,https://www.bbc.com/news/articles/clymp8v7ye2o?at_medium=RSS&at_campaign=rss,Israel split over plans to bring back death penalty for deadly attacks,"In a highly controversial move, some Israeli MPs are trying to introduce the death penalty for Palestinian attackers.",2026-01-31T06:09:39+00:00,2026-02-16T17:10:26.313572+00:00,rss_keyword_filter,11dde6071961ad90,https://feeds.bbci.co.uk/news/world/middle_east/rss.xml
BBC,bbc.com,https://www.bbc.com/news/articles/c78egvpkm77o?at_medium=RSS&at_campaign=rss,Israel eyes regime change in Iran - and is counting on Trump to make it happen,Analysts believe PM Netanyahu is urging the US towards maximalist strikes.,2026-01-31T12:52:08+00:00,2026-02-16T17:10:26.313626+00:00,rss_keyword_filter,475d08223cd4e015,https://feeds.bbci.co.uk/news/world/middle_east/rss.xml
The Guardian,theguardian.com,https://www.theguardian.com/australia-news/2026/feb/04/isaac-herzog-israel-president-australia-visit-controversy-ntwnfb,Who is Israel’s president Isaac Herzog and why is his visit to Australia expected to prompt mass protests?,"Herzog has been invited by the government on the basis of healing wounds after the Bondi attack, but some fear his visit will simply provoke further division Follow our Australia news live blog for latest updates Get our breaking news email , free app or daily news podcast When the president of Israel, Isaac Herzog, lands in Australia next week , it will be to a warm welcome from the government and the promise of mass protests from demonstrators opposed to his country’s war in Gaza. Major Jewish organisations and federal and state governments have welcomed Herzog’s visit as “a moment of profound significance”, but other groups, including some Jewish Australian organisations, say the president should be barred from entering the country, alleging he has incited genocide against Palestinians. Continue reading...",2026-02-03T14:00:04+00:00,2026-02-16T17:10:28.938191+00:00,rss_keyword_filter,b65de4a1b0815676,https://www.theguardian.com/world/israel-hamas-war/rss
The Guardian,theguardian.com,https://www.theguardian.com/books/2026/feb/03/marwan-barghouti-palestine-mandela-publish-new-book-from-prison-unbroken-in-pursuit-of-freedom-for-palestine,"Marwan Barghouti, ‘Palestine’s Mandela’, to publish book from prison","Unbroken: In Pursuit of Freedom for Palestine is a collection of writings by the Palestinian political leader, who has been held in Israeli prisons since 2002 A collection of writings by the imprisoned Palestinian political leader Marwan Barghouti will be published in November, bringing together prison letters, interviews, personal material and documents from the last three decades of Barghouti’s political life and incarceration. As deadly attacks on Gaza continue despite a nominal ceasefire, the 66-year-old is seen by many as the best hope for a leader of any future Palestinian state. Continue reading...",2026-02-03T15:49:08+00:00,2026-02-16T17:10:28.938116+00:00,rss_keyword_filter,e50c2d490ee686f9,https://www.theguardian.com/world/israel-hamas-war/rss
The Guardian,theguardian.com,https://www.theguardian.com/world/2026/feb/03/human-rights-watch-researchers-resign-palestine,Human Rights Watch researchers resign after report on Palestinian right of return blocked,"The organization claims the report, which finds Israel’s denial of the right of return is a crime against humanity, is ‘paused pending further analysis and research’ Two Human Rights Watch (HRW) employees who make up the organization’s entire Israel and Palestine team are stepping down from their positions after leadership blocked a report that deems Israel’s denial of Palestinian refugees the right of return a “crime against humanity”. In separate resignation letters obtained by Jewish Currents and the Guardian, Omar Shakir, who has headed the team for nearly the last decade, and Milena Ansari, the team’s assistant researcher, said leadership’s decision to pull the report broke from HRW’s customary approval processes and was evidence that the organization was putting fear of political backlash over a commitment to international law. Continue reading...",2026-02-03T16:00:03+00:00,2026-02-16T17:10:28.938038+00:00,rss_keyword_filter,035b85cfe890fc40,https://www.theguardian.com/world/israel-hamas-war/rss
The Guardian,theguardian.com,https://www.theguardian.com/news/audio/2026/feb/03/gaza-israel-partly-reopens-rafah-border-crossing-the-latest,Hope in Gaza? Vital crossing reopens under Israeli restrictions - The Latest,"A small number of Palestinians from Gaza have started crossing into Egypt for medical treatment after Israel allowed a limited reopening of the Rafah border crossing. It had been largely closed since Israeli troops seized it in May 2024, cutting off a critical lifeline for those in Gaza. About 20,000 Palestinians needing medical care hope to leave Gaza using the crossing, but only a handful have been allowed through so far. The reopening of Rafah is seen as a key step in the US-brokered ceasefire agreement as it moves into its second phase. Lucy Hough speaks to chief Middle East correspondent Emma Graham-Harrison – watch on YouTube Continue reading...",2026-02-03T16:47:19+00:00,2026-02-16T17:10:28.937961+00:00,rss_keyword_filter,808a129da965f54e,https://www.theguardian.com/world/israel-hamas-war/rss
The Guardian,theguardian.com,https://www.theguardian.com/culture/2026/feb/04/randa-abdel-fattah-louise-adler-headline-constellations-adelaide-writers-week,Randa Abdel-Fattah and Louise Adler to headline alternative to cancelled Adelaide writers’ week,"Constellations, a series of events compiled after Adelaide festival board scrapped AWW, will run from 28 February to 5 March Follow our Australia news live blog for latest updates Get our breaking news email , free app or daily news podcast The two figures at the centre of the Adelaide festival controversy will reunite to headline the alternative to the cancelled 2026 Adelaide writers’ week. Palestinian Australian academic and writer Randa Abdel-Fattah and AWW’s former director Louise Adler will appear together at Constellations: Not Writers’ Week, a hastily compiled series of events scheduled to start on 28 February in response to the Adelaide festival board’s decision to scrap Australia’s flagship annual literary festival. Continue reading...",2026-02-04T04:56:11+00:00,2026-02-16T17:10:28.937880+00:00,rss_keyword_filter,c46f409292c7c567,https://www.theguardian.com/world/israel-hamas-war/rss
The Guardian,theguardian.com,https://www.theguardian.com/commentisfree/picture/2026/feb/05/what-will-the-israeli-president-be-bringing-on-his-trip-to-australia-ntwnfb,What will the Israeli president be bringing on his trip to Australia? | Fiona Katauskas,He isn’t travelling light See more of Fiona Katauskas’s cartoons here Continue reading...,2026-02-04T23:10:09+00:00,2026-02-16T17:10:28.937712+00:00,rss_keyword_filter,94798eaa0ce4bac5,https://www.theguardian.com/world/israel-hamas-war/rss
The Guardian,theguardian.com,https://www.theguardian.com/australia-news/2026/feb/05/gaza-war-cemetery-damage-australia-first-and-second-world-war-soldiers-graves,Australia vows to repair ‘distressing’ damage to war graves in Gaza bulldozed by Israeli army,"Satellite photographs show rows of gravestones removed and soil disturbed at the Gaza War Cemetery where more than 250 Australians are buried Get our breaking news email , free app or daily news podcast The Australian government has vowed to repair the graves of dozens of Australian soldiers in Gaza after satellite imagery and witness testimony revealed they had been bulldozed by the Israel Defense Forces. But it could be months or years before authorities can access the Commonwealth war cemetery in Gaza and Australian graves might face further damage as conflict continues in the occupied territory. Continue reading...",2026-02-05T00:56:46+00:00,2026-02-16T17:10:29.602998+00:00,rss_keyword_filter,98b2062749bc6381,https://www.theguardian.com/world/gaza/rss
BBC,bbc.com,https://www.bbc.com/news/videos/c62wpd7wj3ro?at_medium=RSS&at_campaign=rss,Watch: Inside Gaza hospital struggling to provide care to newborn babies,"More aid has been allowed into Gaza since the ceasefire began three months ago, but the UN says it is nowhere near enough.",2026-02-05T05:55:32+00:00,2026-02-16T17:10:26.313901+00:00,rss_keyword_filter,51ae4c5fbc5add1e,https://feeds.bbci.co.uk/news/world/middle_east/rss.xml
The Guardian,theguardian.com,https://www.theguardian.com/world/2026/feb/05/shin-bet-chief-brother-charged-assisting-enemy-cigarette-smuggling-gaza,Shin Bet chief’s brother charged with ‘assisting enemy’ over cigarette smuggling in Gaza,"Bezalel Zini accused of role in taking goods into the occupied Palestinian territory during an Israeli blockade The brother of Israel’s internal security chief has been charged with “assisting the enemy in wartime” for his alleged role in a smuggling network taking cigarettes and other goods into Gaza during an Israeli blockade of the occupied Palestinian territory. Bezalel Zini was one of more than 10 people charged in relation to the alleged network. His brother, David Zini, is the head of the Shin Bet, the domestic intelligence agency. He was appointed by the prime minister, Benjamin Netanyahu, last May and began the job in October. Continue reading...",2026-02-05T18:01:46+00:00,2026-02-16T17:10:29.602907+00:00,rss_keyword_filter,ccdd72ff91702954,https://www.theguardian.com/world/gaza/rss
The Guardian,theguardian.com,https://www.theguardian.com/world/2026/feb/06/friday-briefing-gaza,Friday briefing: Why a ​growing ​number of ​experts ​say Israel ​is ​practising ​apartheid,"In today’s newsletter: As Gaza’s crossings reopen only partially and displacement accelerates in the West Bank, claims of systematic domination are being made​ by human rights groups, legal scholars and former Israeli officials Good morning. The Rafah crossing, a fragile lifeline for Gaza, has reopened. But movement in and out of Gaza remains tightly controlled, with Israel determining who is permitted to leave or return. Of the roughly 4,000 patients with official referrals for medical treatment abroad, only a small fraction have been allowed to cross. Fewer still have been allowed back. Meanwhile, airstrikes continue, and more than 556 Palestinians have been killed since the ceasefire was signed last October. UK politics | Downing Street has defied calls to remove Keir Starmer’s most senior aide , insisting Morgan McSweeney retains the prime minister’s confidence, as frustration grows over a wait for documents on Peter Mandelson. Business | Bank of England keeps interest rates at 3.75% as inflation concerns persist. US news | The US military on Thursday said it killed two alleged drug traffickers in a strike on a boat in the eastern Pacific, bringing the death toll from Washington’s campaign to at least 128. Ukraine | Ukraine and Russia agreed to a reciprocal prisoner exchange but there were no major breakthroughs on day two of the peace talks in Abu Dhabi. Neurodiversity | People with attention deficit hyperactivity disorder (ADHD), anxiety and autism will be prevented from using fast-lane disability queueing passes at Alton Towers during a trial over the February half-term holidays. Continue reading...",2026-02-06T06:56:39+00:00,2026-02-16T17:10:29.602797+00:00,rss_keyword_filter,d5882ea2fa6b7375,https://www.theguardian.com/world/gaza/rss
The Guardian,theguardian.com,https://www.theguardian.com/australia-news/2026/feb/06/legal-groups-push-for-australian-federal-police-to-arrest-retired-general-travelling-with-israeli-president,Legal groups push for Australian federal police to arrest retired general travelling with Israeli president,"Doron Almog has previously faced arrest warrants over allegations he committed war crimes in Gaza in 2002, which he denies Get our breaking news email , free app or daily news podcast As opposition to the arrival of Israeli president Isaac Herzog in Australia intensifies – with mass protests planned and some Labor MPs condemning his invitation – a coalition of Australian and Palestinian legal groups has asked the Australian federal police to investigate and arrest one of his travelling party over historical war crimes allegations. Doron Almog, a retired Israel Defense Forces major general who is expected to travel with the president in his capacity as chair of the Jewish Agency for Israel, has formerly faced arrest warrants over allegations he committed war crimes in Gaza in 2002. Continue reading...",2026-02-06T14:00:09+00:00,2026-02-16T17:10:29.602513+00:00,rss_keyword_filter,14527fce4a0693c6,https://www.theguardian.com/world/gaza/rss
The Guardian,theguardian.com,https://www.theguardian.com/world/video/2026/feb/06/moment-airstrike-hits-building-in-khan-younis-in-southern-gaza-video,Moment airstrike hits building in Khan Younis in southern Gaza – video,"An airstrike hit a building in Khan Younis in southern Gaza in the early hours of Friday, dealing a fresh blow to the nearly four-month ceasefire in the Palestinian territory. Residents were seen walking amid rubble, using torchlight in the pitch darkness that followed the blast. Israel's military said it had carried out a precise strike in response to shots fired at its soldiers near the yellow line in northern Gaza. The strike comes days after Israel reopened Gaza’s main border crossing with Egypt Continue reading...",2026-02-06T16:33:35+00:00,2026-02-16T17:10:29.602322+00:00,rss_keyword_filter,2a5baf7de5a47351,https://www.theguardian.com/world/gaza/rss
BBC,bbc.com,https://www.bbc.com/news/articles/cy4g3rne4n7o?at_medium=RSS&at_campaign=rss,Gazans returning through Rafah crossing describe checks by Palestinian militia,One Palestinian woman said members of the Israel-linked militia searched them and their belongings at an Israeli checkpoint inside Gaza.,2026-02-06T20:27:57+00:00,2026-02-16T17:10:26.313522+00:00,rss_keyword_filter,2b1aa725ca173bd4,https://feeds.bbci.co.uk/news/world/middle_east/rss.xml
The Guardian,theguardian.com,https://www.theguardian.com/world/2026/feb/08/albanese-says-isaac-herzogs-visit-will-bring-unity-but-to-many-palestinian-australians-its-a-slap-in-the-face,Albanese says Isaac Herzog’s visit will bring unity – but to many Palestinian Australians it’s a ‘slap in the face’,"The Israeli president’s visit, announced after the antisemitic attack in Bondi, has appalled those grieving loved ones killed in Gaza Follow our Australia news live blog for latest updates Get our breaking news email , free app or daily news podcast It’s been more than two years since Shamikh Badra last heard from his brother. He presumes his brother, sister-in-law and their four children lie buried under the rubble of their home in Gaza. He fears they were buried alive. Badra told his family’s story at a march in Sydney last Sunday organised by the Palestine Action Group, protesting against Israeli president Isaac Herzog’s upcoming visit. Continue reading...",2026-02-07T19:00:15+00:00,2026-02-16T17:10:28.937636+00:00,rss_keyword_filter,34ae3bbc3ccbdfb7,https://www.theguardian.com/world/israel-hamas-war/rss
The Guardian,theguardian.com,https://www.theguardian.com/australia-news/2026/feb/07/anzac-graves-gaza-war-cemetery-bulldozed-by-israel,"Her father’s war grave in Gaza was bulldozed by Israel. Amid the grief and anger, she wants answers","Wilma Spence’s father was an Anzac buried in a part of the Gaza War Cemetery bulldozed by the IDF Follow our Australia news live blog for latest updates Get our breaking news email , free app or daily news podcast “Fighting for those who love him, our darling daddy died,” the inscription reads. Just saying the words threatens to overwhelm Wilma Spence. Continue reading...",2026-02-07T19:00:15+00:00,2026-02-16T17:10:29.602197+00:00,rss_keyword_filter,893695de0f4824c7,https://www.theguardian.com/world/gaza/rss
The Guardian,theguardian.com,https://www.theguardian.com/australia-news/2026/feb/08/standoff-protest-israeli-president-isaac-herzog-palestine-action-group-court-challenge-nsw-police-powers,Court challenge over march against Israeli president’s visit to be decided at Monday morning hearing,"Palestine Action Group march planned from Sydney Town Hall to NSW parliament in breach of public assembly declaration Follow our Australia news live blog for latest updates Get our breaking news email , free app or daily news podcast A court challenge to the New South Wales government’s use of special powers during the visit of Israeli president, Isaac Herzog, will be decided at an urgent hearing on Monday, as police continue to urge protesters planning to march through Sydney’s CBD to take an alternative route. At a hastily convened NSW supreme court hearing on Sunday evening, justice Natalie Adams ruled a challenge by the Palestine Action Group to “major event” powers invoked during the visit would be heard before a planned march from Sydney Town Hall to state parliament on Monday night. Herzog was expected to arrive on Sunday evening and depart on 12 February. Continue reading...",2026-02-08T01:57:26+00:00,2026-02-16T17:10:28.937552+00:00,rss_keyword_filter,1bda3f6da0690ea4,https://www.theguardian.com/world/israel-hamas-war/rss
The Guardian,theguardian.com,https://www.theguardian.com/australia-news/2026/feb/08/queensland-pro-palestine-slogan-ban-proposed-hate-speech-laws-ntwnfb,Queensland moves to ban pro-Palestine slogan ‘from the river to the sea’ under sweeping new hate speech laws,"Laws to be introduced this week include up to two years in prison for distributing, displaying or reciting prohibited phrases to harass or offend Get our breaking news email , free app or daily news podcast Queensland could become the first state in Australia to outlaw the phrase “from the river to the sea”, under sweeping new hate speech reforms announced by the state government. The premier, David Crisafulli, announced the proposed laws on Sunday, ahead of their introduction to parliament on Tuesday, describing them as a direct response to the Bondi terror attack , in which 15 people were killed during a Hanukah celebration. Continue reading...",2026-02-08T05:43:33+00:00,2026-02-16T17:10:28.937459+00:00,rss_keyword_filter,380570a81888d289,https://www.theguardian.com/world/israel-hamas-war/rss
New York Times,nytimes.com,https://www.nytimes.com/2026/02/09/world/middleeast/israel-settlements-west-bank.html,Israel Gives Itself More Control Over Occupied West Bank,The security cabinet took actions that make it easier for Jews to buy land in the territory. Critics say the changes violate the Oslo Accords and international law and accelerate attempts to annex the land.,2026-02-09T22:21:33+00:00,2026-02-16T17:10:31.003123+00:00,rss_keyword_filter,6a7c41c6e7f3b660,https://rss.nytimes.com/services/xml/rss/nyt/MiddleEast.xml
The Guardian,theguardian.com,https://www.theguardian.com/us-news/2026/feb/09/rumeysa-ozturk-tufts-student-deport,Judge rejects Trump administration effort to deport pro-Palestinian Tufts student,"Rümeysa Öztürk was arrested as part of the government’s targeting of students protesting against Israel’s war on Gaza An immigration judge has rejected the Trump administration’s efforts to deport Rümeysa Öztürk, a Tufts University PhD student, who was arrested last year as part of its targeting of pro-Palestinian campus activists, her lawyers said on Monday. Lawyers for the Turkish student detailed the immigration judge’s decision in a filing with the New York-based second US circuit court of appeals, which had been reviewing a ruling that led to her release from immigration custody in May. Continue reading...",2026-02-10T01:03:46+00:00,2026-02-16T17:10:29.602051+00:00,rss_keyword_filter,6df062e393345ee0,https://www.theguardian.com/world/gaza/rss
BBC,bbc.com,https://www.bbc.com/news/articles/cvg5x2l3v0qo?at_medium=RSS&at_campaign=rss,Palestinians say new Israeli measures in West Bank amount to de facto annexation,"The measures aim to increase Israeli control over the occupied West Bank in terms of property law, planning, licensing and enforcement.",2026-02-10T10:04:30+00:00,2026-02-16T17:10:26.313445+00:00,rss_keyword_filter,bde1e10d6bf01226,https://feeds.bbci.co.uk/news/world/middle_east/rss.xml
The Guardian,theguardian.com,https://www.theguardian.com/world/2026/feb/10/israel-court-blocks-life-saving-cancer-care-boy-5-gaza-address,"Israeli court blocks life-saving cancer care for boy, 5, due to his Gaza address","Palestinian boy has been in the West Bank since 2022 but is still registered as a resident in the strip where ban applies An Israeli court has rejected an appeal to allow a five-year-old Palestinian boy with an aggressive form of cancer to enter Israel for life-saving treatment, citing a government policy that bars residents registered in Gaza from crossing the border, even when they no longer live there. In a ruling issued on Sunday, the Jerusalem district court dismissed a petition seeking permission to transfer the child from Ramallah to Tel HaShomer hospital near Tel Aviv for a bone marrow transplant – a procedure unavailable in either Gaza or the occupied West Bank. The boy has been in the West Bank since 2022 where he was receiving medical care unavailable in the Gaza Strip. His doctors have determined that he urgently requires antibody immunotherapy. Continue reading...",2026-02-10T10:28:07+00:00,2026-02-16T17:10:29.601868+00:00,rss_keyword_filter,01ecf3b753defcf2,https://www.theguardian.com/world/gaza/rss
BBC,bbc.com,https://www.bbc.com/news/articles/cvgjwpx9j2do?at_medium=RSS&at_campaign=rss,"Indonesia preparing to deploy up to 8,000 soldiers to Gaza",It would be the first country to do so as part of phase two of the ceasefire agreement brokered by the US last year.,2026-02-10T11:38:56+00:00,2026-02-16T17:10:26.313378+00:00,rss_keyword_filter,e69998584b03e552,https://feeds.bbci.co.uk/news/world/middle_east/rss.xml
The Guardian,theguardian.com,https://www.theguardian.com/world/2026/feb/10/indonesia-send-troops-gaza-trump-plan,"Indonesia prepares to send up to 8,000 troops to Gaza as part of Trump plan","Head of army says potential ‘peacemakers’ being trained, in what would be first outside force in Gaza since 1967 Indonesia has said it is preparing to send up to 8,000 troops to Gaza to be part of a peacekeeping force under Donald Trump’s Middle East plan . The announcement by the army chief of staff, Gen Maruli Simanjuntak, makes Indonesia the first country to deliver a specific commitment to the international stabilisation force (ISF) envisaged as part of the second phase of the Trump plan. Continue reading...",2026-02-10T12:17:40+00:00,2026-02-16T17:10:29.601679+00:00,rss_keyword_filter,b2538a461e6c60f3,https://www.theguardian.com/world/gaza/rss
New York Times,nytimes.com,https://www.nytimes.com/2026/02/10/world/middleeast/hamas-weapons-draft-plan.html,Hamas Would Keep Some Weapons Initially in Draft Gaza Plan,Israel is unlikely to withdraw its troops from the enclave before Hamas and other militant groups lay down their arms.,2026-02-10T18:59:51+00:00,2026-02-16T17:10:31.002862+00:00,rss_keyword_filter,f2445cab08776675,https://rss.nytimes.com/services/xml/rss/nyt/MiddleEast.xml
New York Times,nytimes.com,https://www.nytimes.com/2026/02/09/world/australia/israel-herzog-visit-protests.html,Australia Visit by President Herzog of Israel Prompts Protest,"Amid activists’ objections, Prime Minister Anthony Albanese had invited President Isaac Herzog to visit to honor the victims of the Bondi Beach shooting.",2026-02-10T19:27:09+00:00,2026-02-16T17:10:31.003043+00:00,rss_keyword_filter,bc704a48e5071f91,https://rss.nytimes.com/services/xml/rss/nyt/MiddleEast.xml
New York Times,nytimes.com,https://www.nytimes.com/2026/02/10/world/middleeast/israelis-protest-surge-in-gun-crime-within-arab-community.html,Israelis Protest Surge in Gun Crime Within Arab Community,Palestinian and Jewish citizens of Israel joined forces to demand government action in the face of a spiraling death toll from criminal violence among Arabs.,2026-02-10T21:07:43+00:00,2026-02-16T17:10:31.002942+00:00,rss_keyword_filter,4381e794996566a8,https://rss.nytimes.com/services/xml/rss/nyt/MiddleEast.xml
The Guardian,theguardian.com,https://www.theguardian.com/australia-news/2026/feb/11/isaac-herzog-australia-zomi-frankcom-death-albanese-meeting-ntwnfb,PM tells Isaac Herzog Australia wants transparency over Zomi Frankcom’s death as pair meet in Canberra,"Israeli president’s visit met with protests outside Parliament House, with at least one independent MP boycotting question time Follow our Australia news live blog for latest updates Get our breaking news email , free app or daily news podcast Anthony Albanese has told the Israeli president, Isaac Herzog, that Australia expects transparency over the death of aid worker Zomi Frankcom , killed by an Israel Defense Forces strike in Gaza, and is pushing for “any appropriate criminal charges”. Herzog, who was in Canberra on Wednesday, has said his country wants to work with Australia to “uproot this phenomenon” of antisemitism. His Canberra visit was met with protests outside Parliament House against the Palestinian civilian death toll in Gaza. Continue reading...",2026-02-11T04:00:56+00:00,2026-02-16T17:10:28.937349+00:00,rss_keyword_filter,4f8a8323444c3882,https://www.theguardian.com/world/israel-hamas-war/rss
BBC,bbc.com,https://www.bbc.com/news/articles/c0k1j2j4607o?at_medium=RSS&at_campaign=rss,Trump tells Netanyahu Iran nuclear talks must continue,"The US President said ""nothing definitive"" was agreed during the meeting between the two leaders at the White House on Wednesday as nuclear talks intensify.",2026-02-11T22:25:07+00:00,2026-02-16T17:10:26.313326+00:00,rss_keyword_filter,99d765ca0029339a,https://feeds.bbci.co.uk/news/world/middle_east/rss.xml
The Guardian,theguardian.com,https://www.theguardian.com/australia-news/2026/feb/12/anthony-albanese-isaac-herzog-bulldozed-australian-war-graves-gaza,Anthony Albanese raises bulldozed Australian war graves with Israeli president,"Prime minister stresses importance of repairs to graves in Gaza being conducted as soon as possible in meeting with Isaac Herzog Follow our Australia news live blog for latest updates Get our breaking news email , free app or daily news podcast The prime minister, Anthony Albanese, has raised the issue of Australian war graves bulldozed by the Israeli military in Gaza directly with the Israeli president, Isaac Herzog. Dozens of Australian war graves – mostly soldiers who died in Palestine during the second world war – were bulldozed by the Israel Defense Forces across April and May last year. Satellite images show the southern corner of the Gaza Commonwealth War Cemetery being obliterated, with headstones destroyed and soil pushed by machinery into an earthen berm. Continue reading...",2026-02-12T06:43:55+00:00,2026-02-16T17:10:29.601387+00:00,rss_keyword_filter,e42ab90a74c787ce,https://www.theguardian.com/world/gaza/rss
The Guardian,theguardian.com,https://www.theguardian.com/us-news/2026/feb/12/mahmoud-khalil-deportation-fight,Mahmoud Khalil is still fighting for others as he fights his own deportation: ‘It’s about raising the alarm’,"The case of the Palestinian activist, the face of 2024’s US campus protests, could have repercussions for thousands Despite his grim circumstances, Mahmoud Khalil can’t help but laugh. Walking through Congress’s hallowed halls, the Palestinian student activist, who may be inching toward deportation, has a lightness to him. He is quick with a smile – and not yet ready to waver. He admits he’s in “the scary part” of his ordeal, but he has a new reason to like his odds. Continue reading...",2026-02-12T14:00:15+00:00,2026-02-16T17:10:28.937235+00:00,rss_keyword_filter,c72c5f3eeb832ae7,https://www.theguardian.com/world/israel-hamas-war/rss
New York Times,nytimes.com,https://www.nytimes.com/video/world/middleeast/100000010701285/why-irans-nuclear-program-isnt-the-only-threat.html,Why Iran’s Nuclear Program Isn’t the Only Threat,"While talks with Iran have focused on its nuclear program, Israel’s greater immediate concern is Iran’s rebuilding of its ability to launch missiles at Israel, as it did during last year’s war. Our national security reporter Mark Mazzetti breaks down the latest intelligence.",2026-02-12T19:03:57+00:00,2026-02-16T17:10:31.002569+00:00,rss_keyword_filter,370933b6a253444a,https://rss.nytimes.com/services/xml/rss/nyt/MiddleEast.xml
The Guardian,theguardian.com,https://www.theguardian.com/commentisfree/2026/feb/12/the-guardian-view-on-israel-and-the-west-bank-the-other-relentless-assault-upon-palestinians,The Guardian view on Israel and the West Bank: the other relentless assault upon Palestinians | Editorial,"A campaign of ethnic cleansing and ‘tectonic’ new legal measures are killing the two-state solution to which other governments pay lip service Protecting archaeological sites. Preventing water theft. The streamlining of land purchases. If anyone doubted the real purpose of the motley collection of new administrative and enforcement measures for the illegally occupied West Bank , Israel’s defence minister spelt it out: “We will continue to kill the idea of a Palestinian state,” Israel Katz said in a joint statement with the finance minister, Bezalel Smotrich. While the world’s attention was fixed upon the annihilation in Gaza, settlers in the West Bank intensified their campaign of ethnic cleansing. More than 1,000 Palestinians have been killed there since October 2023; a fifth of them were children. Many more have been driven from their homes by relentless harassment and the destruction of infrastructure, with entire Palestinian communities erased across vast swathes of land. Do you have an opinion on the issues raised in this article? If you would like to submit a response of up to 300 words by email to be considered for publication in our letters section, please click here . Continue reading...",2026-02-12T19:05:45+00:00,2026-02-16T17:10:28.302873+00:00,rss_keyword_filter,8b70b02243538dc5,https://www.theguardian.com/world/middleeast/rss
New York Times,nytimes.com,https://www.nytimes.com/2026/02/12/world/middleeast/israel-army-reservists-classified-information-bets.html,Israeli Army Reservists Are Suspected of Using Inside Knowledge to Bet,"The authorities said several reservists and a civilian were arrested, and two were charged, after an investigation into the use of classified information to bet on military operations.",2026-02-12T20:38:43+00:00,2026-02-16T17:10:31.002421+00:00,rss_keyword_filter,10b29b5495ebbc35,https://rss.nytimes.com/services/xml/rss/nyt/MiddleEast.xml
The Guardian,theguardian.com,https://www.theguardian.com/commentisfree/2026/feb/13/seven-of-my-relatives-were-killed-in-gaza-for-me-herzogs-visit-was-never-an-abstract-debate,"Seven of my relatives were killed in Gaza. For me, Herzog’s visit was never an abstract debate | Shamikh Badra","Australia stands at a crossroads as it rolled out the red carpet for some, while greeting others with batons Isaac Herzog’s visit to Australia was not a routine diplomatic engagement. It was an ethical and political test of the Australian state. At the very moment a red carpet was rolled out for a man accused of inciting genocide, peaceful Australian citizens were met with batons while exercising their democratic right to protest. For me, this was never an abstract political debate. Before the visit, I pursued the legal channels that are meant to protect citizens and lodged a formal complaint with the Australian government about the role Herzog played in rhetoric and policies that contributed to the destruction of my family in Gaza. Seven of my relatives were killed. My father died because of a lack of medicine, food and water. My brother, his wife, their four children and her father were also killed. Their bodies remain buried beneath the rubble. Despite the seriousness of this complaint, I have received no response from the government. Continue reading...",2026-02-12T22:58:42+00:00,2026-02-16T17:10:29.600761+00:00,rss_keyword_filter,88e8de98d2fb135c,https://www.theguardian.com/world/gaza/rss
Fox News,foxnews.com,https://www.foxnews.com/world/netanyahu-urges-court-revoke-palestinians-israeli-citizenship-after-convictions-violent-crimes,Netanyahu urges court to revoke Palestinians' Israeli citizenship after convictions for violent crimes,Israeli Prime Minister Benjamin Netanyahu seeks to revoke citizenship of two Palestinian men convicted of terrorism in the first use of a controversial deportation law.,2026-02-13T06:56:12+00:00,2026-02-16T17:10:31.843535+00:00,rss_keyword_filter,d3688b9877d8f133,https://moxie.foxnews.com/google-publisher/world.xml
The Guardian,theguardian.com,https://www.theguardian.com/world/2026/feb/13/israeli-journalists-fear-press-freedom-uk-billionaire-sells-tv-channel-stake,Israeli journalists fear for press freedom if UK billionaire sells TV channel stake,"Union urges Leonard Blavatnik to scrap Channel 13 deal, saying it is part of Netanyahu plan ‘to capture the media’ Israeli journalists have appealed to a British billionaire not to proceed with the sale of a stake in an Israeli television channel, which they warn would represent a severe blow to the independence of the country’s media. Sir Leonard Blavatnik, listed by the Sunday Times as the UK’s third richest person, is selling a nearly 15% share in Channel 13, a commercial channel that has run critical news coverage of Benjamin Netanyahu’s government in recent years, including investigations into the prime minister’s financial dealings. Continue reading...",2026-02-13T07:00:38+00:00,2026-02-16T17:10:28.302676+00:00,rss_keyword_filter,fe8fbba44f497c79,https://www.theguardian.com/world/middleeast/rss
New York Times,nytimes.com,https://www.nytimes.com/2026/02/11/movies/the-voice-of-hind-rajab-all-thats-left-of-you-palestine-36-palestinian-movies.html,"Decades of Palestinian History, Told by 3 Films With Awards Hopes","“The Voice of Hind Rajab,” “All That’s Left of You” and “Palestine 36” each tries to unpack the complex lives of Palestinians.",2026-02-13T13:20:25+00:00,2026-02-16T17:10:31.002770+00:00,rss_keyword_filter,eb2bf1b4d9da50ac,https://rss.nytimes.com/services/xml/rss/nyt/MiddleEast.xml
The Guardian,theguardian.com,https://www.theguardian.com/film/2026/feb/13/arundhati-roy-quits-berlin-film-festival-over-stay-out-of-politics-comment,Arundhati Roy quits Berlin film festival over ‘stay out of politics’ comment,"Author says she is ‘disgusted’ by claim from jury president Wim Wenders that film-makers should remain apolitical The author Arundhati Roy has withdrawn from the Berlinale after the film festival’s chief juror said film-makers must stay out of politics. The festival got off to a shaky start on Thursday after the competition jury, led by the German film-maker Wim Wenders, fielded questions about the conflict in Gaza. Asked if films can affect political change, Wenders said that “movies can change the world” but “not in a political way” . Continue reading...",2026-02-13T15:02:01+00:00,2026-02-16T17:10:28.937142+00:00,rss_keyword_filter,8c1ec9cb6cf40904,https://www.theguardian.com/world/israel-hamas-war/rss
New York Times,nytimes.com,https://www.nytimes.com/2026/02/13/world/europe/isis-jewish-attack-uk-manchester.html,2 ISIS Supporters Who Planned Attack on Jews in U.K. Get Life Sentences,The case underlines how the Islamic State has seized on rising antisemitism in the wake of the Gaza war to radicalize and encourage would-be assailants.,2026-02-13T17:40:17+00:00,2026-02-16T17:10:31.002130+00:00,rss_keyword_filter,895cb363c2b2f4fe,https://rss.nytimes.com/services/xml/rss/nyt/MiddleEast.xml
The Guardian,theguardian.com,https://www.theguardian.com/us-news/2026/feb/13/dispute-future-of-gaza-trump-board-of-peace-eu-un,Bitter dispute between Trump and EU over Gaza’s future breaks out into the open,"EU’s head of foreign policy claims ‘Board of Peace’ is vehicle for Trump with no accountability to Palestinians or UN A bitter dispute between Europe and the US over the future of Gaza has broken out into the open, with the EU’s head of foreign policy, Kaja Kallas, warning that Donald Trump’s “ Board of Peace ” was a personal vehicle for the US president that removed any accountability to Palestinians or the United Nations. Spain’s foreign minister, José Manuel Albares, also accused Trump of trying to bypass the original UN mandate for the board , and said Europe, one of the chief funders of the Palestinian Authority, had been excluded from the process. Continue reading...",2026-02-13T17:51:56+00:00,2026-02-16T17:10:28.302540+00:00,rss_keyword_filter,5a3a35c2e1f2f045,https://www.theguardian.com/world/middleeast/rss
New York Times,nytimes.com,https://www.nytimes.com/2026/02/13/world/middleeast/board-peace-pledges-gaza.html,Trump’s ‘Board of Peace’ Said to Have Raised First Pledges for Gaza,"The United Arab Emirates and the United States have each committed more than $1 billion to President Trump’s new international initiative, officials said.",2026-02-13T23:05:05+00:00,2026-02-16T17:10:31.001931+00:00,rss_keyword_filter,0789a68e2c58b4f2,https://rss.nytimes.com/services/xml/rss/nyt/MiddleEast.xml
The Guardian,theguardian.com,https://www.theguardian.com/us-news/2026/feb/13/alexandria-ocasio-cortez-israel-military-aid,Ocasio-Cortez says US military aid to Israel ‘enabled a genocide in Gaza’,New York congresswoman criticizes ‘unconditional’ US aid and calls for enforcement of Leahy laws Alexandria Ocasio-Cortez said during a Munich security conference panel on Friday on the future of foreign policy that the Democratic party’s next presidential nominee should reconsider the country’s military aid to Israel. Hagar Shezaf of the Israeli newspaper Haaretz asked the US congresswoman if she thought “the Democratic presidential candidate in the 2028 elections should re-evaluate military aid to Israel”. Continue reading...,2026-02-14T00:00:21+00:00,2026-02-16T17:10:28.936969+00:00,rss_keyword_filter,3f154fb684bfa33b,https://www.theguardian.com/world/israel-hamas-war/rss
The Guardian,theguardian.com,https://www.theguardian.com/australia-news/2026/feb/14/isaac-herzog-australia-visit-reaction-ntwnfb,"Isaac Herzog’s four days in Australia left him ‘energised’. For the Jewish community, some saw solidarity while others felt ‘serious angst’","The Israeli president’s visit to console victims of the Bondi beach terror attack was not without controversy Get our breaking news email , free app or daily news podcast This week’s visit to Australia by the Israeli president, Isaac Herzog, has lived up to its controversial billing as police in Sydney clashed with protesters and Muslims praying in the street with such violence it sparked an independent investigation , and the guest of honour went from place to place in secrecy and high security. Anthony Albanese said the visit would help to foster unity in Australia and that the Israeli president came “to offer sympathy and solidarity to people who are mourning and offer his support to members of Australia’s Jewish community” following the Bondi beach terror attack where 15 people attending a Hanukah celebration were killed . Continue reading...",2026-02-14T03:58:30+00:00,2026-02-16T17:10:28.936867+00:00,rss_keyword_filter,6b58486388d0cbd5,https://www.theguardian.com/world/israel-hamas-war/rss
New York Times,nytimes.com,https://www.nytimes.com/2026/02/14/world/middleeast/beirut-drones-sound-israel-airstrikes.html,Life in Beirut Beneath the Drones,"More than a year into a cease-fire, the mechanical whir of Israeli drones above the Lebanese capital is a reminder that, in many ways, the war never really ended.",2026-02-14T10:00:45+00:00,2026-02-16T17:10:31.001757+00:00,rss_keyword_filter,385aeb1e3efa4b3c,https://rss.nytimes.com/services/xml/rss/nyt/MiddleEast.xml
The Guardian,theguardian.com,https://www.theguardian.com/uk-news/2026/feb/14/palestine-action-ban-backfired-says-co-founder-huda-ammori,"Ban on Palestine Action ‘massively backfired’, says group’s co-founder",Huda Ammori calls for proscription to be lifted after high court finds it to be very serious interference with protest rights The co-founder of Palestine Action has said the ban on the group “massively backfired” and called for its proscription to be suspended after the high court found it to be unlawful . Three senior judges ruled on Friday that the ban was disproportionate and constituted very serious interference with the rights to protest and free speech. Continue reading...,2026-02-14T12:04:41+00:00,2026-02-16T17:10:28.936756+00:00,rss_keyword_filter,683831ecd1f03d7d,https://www.theguardian.com/world/israel-hamas-war/rss
Fox News,foxnews.com,https://www.foxnews.com/world/aoc-accuses-israel-genocide-germany-where-holocaust-launched-sparking-outrage,"AOC accuses Israel of genocide in Germany where Holocaust was launched, sparking outrage",Rep. Alexandria Ocasio-Cortez faces intense criticism after claiming U.S. aid &quot;enabled genocide&quot; in Gaza during controversial Munich speech in Germany on Friday.,2026-02-14T12:15:40+00:00,2026-02-16T17:10:31.843319+00:00,rss_keyword_filter,7b6b1754900018cb,https://moxie.foxnews.com/google-publisher/world.xml
Hindustan Times,hindustantimes.com,https://www.hindustantimes.com/world-news/israeli-airstrikes-kill-9-in-gaza-including-tent-camp-palestinian-officials-say-101771144882448.html,"Israeli airstrikes kill 9 in Gaza, including tent camp, Palestinian officials say","Israel and Hamas have repeatedly accused each other of violating the ceasefire deal, a key element of US President Donald Trump's plan to end the Gaza war.",2026-02-15T09:07:38+00:00,2026-02-16T17:10:38.027479+00:00,rss_keyword_filter,f23ec187473adae2,https://www.hindustantimes.com/feeds/rss/world-news/rssfeed.xml
The Guardian,theguardian.com,https://www.theguardian.com/film/2026/feb/15/berlin-film-festival-berlinale-arundhati-roy-politics-wim-wenders,Berlin film festival defends Wim Wenders after Arundhati Roy attacked ‘jaw-dropping’ comments,"Berlinale head says artists should not be pushed into soundbites after author quit over president’s remarks that film-makers should ‘stay out of politics’ The Berlin film festival has issued a lengthy statement “in defence of our film-makers, and especially our jury and jury president”, after what it described as a “media storm that has swept over the Berlinale” in its first few days. The defence follows criticism levelled at the jury, in particular president, Wim Wenders, for comments made when fielding questions about the war in Gaza. Asked during the opening press conference if films can effect political change, the German film-maker said that “movies can change the world” but “not in a political way”, adding that film-makers “have to stay out of politics”. Continue reading...",2026-02-15T14:48:05+00:00,2026-02-16T17:10:28.936576+00:00,rss_keyword_filter,83f625afb74540d9,https://www.theguardian.com/world/israel-hamas-war/rss
Hindustan Times,hindustantimes.com,https://www.hindustantimes.com/world-news/us-news/erika-kirk-arrested-amid-allegations-of-grooming-15-year-old-viral-claim-fact-checked-101771167582923.html,Was Erika Kirk arrested amid allegations of ‘grooming' 15-year-old? Viral claim fact checked,False claims say Erika Kirk was arrested while fleeing to Israel amid grooming claim by Candace Owens; reports confirm she isn’t investigated or arrested.,2026-02-15T15:20:35+00:00,2026-02-16T17:10:38.026960+00:00,rss_keyword_filter,3a5e6bf67cd6dab3,https://www.hindustantimes.com/feeds/rss/world-news/rssfeed.xml
New York Times,nytimes.com,https://www.nytimes.com/2026/02/15/world/middleeast/trump-israel-herzog-attacks.html,Trump’s Stinging Attack on Israel’s President Touches a Nerve,President Trump called President Isaac Herzog of Israel “disgraceful” because he has not yet pardoned Prime Minister Benjamin Netanyahu in his corruption trial.,2026-02-15T16:04:39+00:00,2026-02-16T17:10:31.001267+00:00,rss_keyword_filter,f46d6a9739ba969c,https://rss.nytimes.com/services/xml/rss/nyt/MiddleEast.xml
Fox News,foxnews.com,https://www.foxnews.com/world/israeli-intelligence-sources-reject-claims-jeffrey-epstein-mossad-operative-following-document-releases,Israeli intelligence sources reject claims Jeffrey Epstein was Mossad operative following document releases,Israeli officials deny alleged Jeffrey Epstein-Mossad conspiracy theories as Israeli PM Netanyahu and ex-leader Ehud Barak clash over newly released court documents.,2026-02-15T17:13:10+00:00,2026-02-16T17:10:31.843031+00:00,rss_keyword_filter,6de1557ba745df77,https://moxie.foxnews.com/google-publisher/world.xml
The Guardian,theguardian.com,https://www.theguardian.com/world/2026/feb/15/palestinians-killed-injured-gaza-israeli-airstrikes-hamas,At least 12 Palestinians killed and several hurt in Israeli airstrikes on Gaza,Israel says strikes were in response to Hamas violations of ceasefire as Hamas calls attacks ‘massacre’ of displaced people At least 12 Palestinians were killed and several more injured across the Gaza Strip on Sunday as the Israeli military said it carried out airstrikes in response to ceasefire violations by Hamas. The Gaza civil defence agency said five people were killed and several others hurt when an airstrike targeted a tent sheltering displaced people in the northern city of Jabaliya. Continue reading...,2026-02-15T17:52:38+00:00,2026-02-16T17:10:27.621883+00:00,rss_keyword_filter,ec92177f1512ee69,https://www.theguardian.com/world/rss
Fox News,foxnews.com,https://www.foxnews.com/world/doctors-without-borders-reduces-operations-gaza-hospital-security-concerns,Doctors Without Borders reduces operations at Gaza hospital over security concerns,"Doctors Without Borders halted noncritical operations at Gaza’s Nasser Hospital, citing security concerns.",2026-02-15T17:58:30+00:00,2026-02-16T17:10:31.842698+00:00,rss_keyword_filter,9b58d174165016e3,https://moxie.foxnews.com/google-publisher/world.xml
Hindustan Times,hindustantimes.com,https://www.hindustantimes.com/world-news/benjamin-netanyahu-makes-stance-clear-on-potential-us-iran-deal-amid-talks-in-geneva-there-shall-be-101771177739503.html,Benjamin Netanyahu makes stance clear on potential US-Iran deal amid talks in Geneva: ‘There shall be…’,A second round of talks between the US and Iran is slated for this week. Iran is pursuing a nuclear agreement with the US that delivers economic benefits.,2026-02-15T18:00:22+00:00,2026-02-16T17:10:38.026691+00:00,rss_keyword_filter,c6f7e3522b5f6873,https://www.hindustantimes.com/feeds/rss/world-news/rssfeed.xml
BBC,bbc.com,https://www.bbc.com/news/articles/c8r15eyvk2do?at_medium=RSS&at_campaign=rss,"Eleven killed in Israeli strikes on Gaza, rescuers say",The Palestinian Red Crescent say a strike on a tent encampment in northern Gaza killed at least six people.,2026-02-15T18:42:42+00:00,2026-02-16T17:10:26.313233+00:00,rss_keyword_filter,32b24d4578aaeae9,https://feeds.bbci.co.uk/news/world/middle_east/rss.xml
Hindustan Times,hindustantimes.com,https://www.hindustantimes.com/world-news/donald-trump-says-board-of-peace-members-pledge-5-billion-for-gaza-rebuild-all-about-the-first-meeting-101771182116967.html,Donald Trump says ‘Board of Peace’ members pledge $5 billion for Gaza rebuild. All about the first meeting,"According to Donald Trump, the pledges for Gaza rebuild will be formally announced when board members gather in Washington on Thursday for their first meeting.",2026-02-15T19:11:17+00:00,2026-02-16T17:10:38.026439+00:00,rss_keyword_filter,b93520c028e6d4ad,https://www.hindustantimes.com/feeds/rss/world-news/rssfeed.xml
BBC,bbc.com,https://www.bbc.com/news/articles/cly191kz1lpo?at_medium=RSS&at_campaign=rss,"Iran must abandon enriched uranium and not produce more, Netanyahu says",The Israeli PM's comments come ahead of Iran-US talks in Geneva on Tuesday to discuss a nuclear deal.,2026-02-16T04:26:53+00:00,2026-02-16T17:10:26.312902+00:00,rss_keyword_filter,e6d0e9333ad62636,https://feeds.bbci.co.uk/news/world/middle_east/rss.xml
Hindustan Times,hindustantimes.com,https://www.hindustantimes.com/world-news/israel-plans-to-annex-west-bank-land-as-state-property-why-palestinians-see-it-as-mega-land-grab-explained-101771221093594.html,Israel plans to 'annex' West Bank land as ‘state property’: Why Palestinians see it as mega land grab | Explained,"Under this bill, Israel will resume the ""settlement of land title"" processes in the occupied West Bank, a process which has been paused since 1967.",2026-02-16T06:26:37+00:00,2026-02-16T17:10:38.025417+00:00,rss_keyword_filter,36141ba38151f550,https://www.hindustantimes.com/feeds/rss/world-news/rssfeed.xml
The Guardian,theguardian.com,https://www.theguardian.com/world/2026/feb/16/monday-briefing-how-did-the-government-get-it-so-wrong-on-palestine-action,Monday briefing: How did the government get it so wrong on Palestine Action?,"In today’s newsletter: A landmark ruling stated that Labour’s proscription of the protest group was unlawful and landed another blow to a party in crisis Good morning. Thousands of people across the UK have been arrested for holding a placard with a simple statement: ‘I oppose genocide. I support Palestine Action.’ Those arrests, as well as the charges against more than 500 demonstrators under terrorism legislation, may now be unlawful Defence policy | Britain and Germany’s highest ranking military leaders have made an unprecedented joint appeal to the public to accept the “moral” case for rearmament and prepare for the threat of war with Russia. UK politics | Keir Starmer is facing calls by MPs for an inquiry into the commissioning of a report that made “baseless claims” about journalists who were investigating a thinktank linked to the prime minister. Health | The number of women who are driven to suicide by domestic abusers is being under-reported, and their cases overlooked by police, in what has been described by experts as a “national scandal”. Gaza | At least 12 Palestinians were killed across the Gaza Strip on Sunday as the Israeli military said it carried out airstrikes in response to ceasefire violations by Hamas. Epstein files | The UK’s top prosecutor has said “nobody is above the law” amid growing pressure on police to fully investigate Andrew Mountbatten-Windsor’s links with Jeffrey Epstein. Continue reading...",2026-02-16T06:50:35+00:00,2026-02-16T17:10:28.935947+00:00,rss_keyword_filter,6b44a10b73c2af9b,https://www.theguardian.com/world/israel-hamas-war/rss
The Guardian,theguardian.com,https://www.theguardian.com/world/2026/feb/16/gaza-jobs-unemployment-crisis-aid-food-basics,‘Life requires cash’: Gaza’s jobs crisis leaves people struggling to afford basics,"Fresh fruit and other items now available but at high prices in territory where unemployment is estimated at 80% Every morning, Mansour Mohammad Bakr sets out from the small rented room in Gaza City he shares with his pregnant wife and two very young daughters. The 23-year-old walks past the port and the breaking waves of the Mediterranean where he once earned his living. Before the two-year war that devastated Gaza, Bakr was a fisher, sharing tackle and a boat with his father and brothers. Now his brothers are dead, his father is too old, and his equipment was destroyed during the conflict. Like hundreds of thousands of others across Gaza, Bakr needs a job. Continue reading...",2026-02-16T07:00:46+00:00,2026-02-16T17:10:27.621779+00:00,rss_keyword_filter,a166b32e81b1506b,https://www.theguardian.com/world/rss
BBC,bbc.com,https://www.bbc.com/news/articles/clyzen2lgw9o?at_medium=RSS&at_campaign=rss,Female Israeli soldiers rescued after being chased by ultra-Orthodox men,The two women were helped by police after being forced to run from a mob in the city of Bnei Brak.,2026-02-16T07:47:54+00:00,2026-02-16T17:10:26.313140+00:00,rss_keyword_filter,ad18667fbade7ade,https://feeds.bbci.co.uk/news/world/middle_east/rss.xml
Al Jazeera,aljazeera.com,https://www.aljazeera.com/video/newsfeed/2026/2/16/israeli-police-clash-with-ultra-orthodox-protesters-over-army-enlistment?traffic_source=rss,Israeli police clash with ultra-Orthodox protesters over army enlistment,Two Israeli female soldiers were chased by an angry crowd of ultra-Orthodox men protesting military enlistment on Sunday,2026-02-16T11:18:32+00:00,2026-02-16T17:10:32.277677+00:00,rss_keyword_filter,4d7a76d4c859db51,https://www.aljazeera.com/xml/rss/all.xml
Al Jazeera,aljazeera.com,https://www.aljazeera.com/video/newsfeed/2026/2/16/epstein-ties-cast-shadow-over-legacy-of-oslos-palestine-peace-efforts?traffic_source=rss,Epstein ties cast shadow over legacy of Oslo’s Palestine peace efforts,New US court documents reveal ties between a key figure behind the Oslo Accords and sex offender Jeffrey Epstein.,2026-02-16T11:20:29+00:00,2026-02-16T17:10:32.277539+00:00,rss_keyword_filter,e715eea81d5885ca,https://www.aljazeera.com/xml/rss/all.xml
Al Jazeera,aljazeera.com,https://www.aljazeera.com/news/2026/2/16/dangerous-escalation-nations-condemn-israel-over-occupied-west-bank-move?traffic_source=rss,‘Dangerous escalation’: Nations condemn Israel over occupied West Bank move,"Egypt, Saudi Arabia and Qatar slam Israel&#039;s decision to register occupied West Bank lands as &#039;state property&#039;.",2026-02-16T12:25:36+00:00,2026-02-16T17:10:32.277374+00:00,rss_keyword_filter,b4b33932675bea7a,https://www.aljazeera.com/xml/rss/all.xml
Al Jazeera,aljazeera.com,https://www.aljazeera.com/video/newsfeed/2026/2/16/15-day-old-baby-loses-father-in-israeli-strike-on-gaza?traffic_source=rss,15-day-old baby loses father in Israeli strike on Gaza,A 15-day-old baby lost her father in Israel’s latest violation of the Gaza ‘ceasefire’ in attacks that killed 11 people.,2026-02-16T12:34:38+00:00,2026-02-16T17:10:32.277254+00:00,rss_keyword_filter,e8039d6b3567f2a5,https://www.aljazeera.com/xml/rss/all.xml
Al Jazeera,aljazeera.com,https://www.aljazeera.com/video/newsfeed/2026/2/16/rights-groups-condemn-israeli-plan-for-de-facto-annexation-of-west-bank?traffic_source=rss,Rights groups condemn Israeli plan for ‘de facto annexation’ of West Bank,"Palestinians in the occupied West Bank face risk of losing homes, after an Israeli government proposal to register land.",2026-02-16T12:36:28+00:00,2026-02-16T17:10:32.277145+00:00,rss_keyword_filter,6a8bbbd25c3c31fc,https://www.aljazeera.com/xml/rss/all.xml
The Guardian,theguardian.com,https://www.theguardian.com/commentisfree/2026/feb/16/international-humanitarian-law-gaza-sudan-ukraine,International humanitarian law is at risk – but it still carries weight | Kenneth Roth,"A study says IHL is at ‘critical breaking point’ amid horrendous violations in Gaza, Sudan and elsewhere. But to declare its demise would be premature Is international humanitarian law (IHL), the law designed to spare civilians as much as possible the hazards of warfare, at risk of imploding? That is the conclusion of a new compendious study of current armed conflicts around the world, citing the killing of civilians and other atrocities in Gaza, Ukraine, Sudan and elsewhere. “While the threat to IHL is not yet existential,” it warns, “it is at a critical breaking point.” There is no doubt that the disregard for civilian life in these conflicts has been horrendous. In Gaza and Sudan, it has risen to the level of genocide. But do these represent serious violations of the law or its demise? Kenneth Roth is a Guardian US columnist, visiting professor at Princeton’s School of Public and International Affairs, and former executive director of Human Rights Watch. He is the author of Righting Wrongs: Three Decades on the Front Lines Battling Abusive Governments Continue reading...",2026-02-16T13:00:27+00:00,2026-02-16T17:10:28.302097+00:00,rss_keyword_filter,3fdd1d8bc7c98079,https://www.theguardian.com/world/middleeast/rss
Al Jazeera,aljazeera.com,https://www.aljazeera.com/features/2026/2/16/rats-run-over-our-faces-gazas-displaced-forced-to-live-on-infested-land?traffic_source=rss,‘Rats run over our faces’: Gaza’s displaced forced to live on infested land,"Displaced Palestinians forced to live on a landfill battle rats, scabies and unexploded shells.",2026-02-16T13:02:22+00:00,2026-02-16T17:10:32.276983+00:00,rss_keyword_filter,5c9b61e2ad839374,https://www.aljazeera.com/xml/rss/all.xml
The Guardian,theguardian.com,https://www.theguardian.com/culture/2026/feb/16/british-museum-removes-word-palestine,British Museum removes word ‘Palestine’ from some displays,"Museum revises labelling on maps and panels, saying term used inaccurately and no longer historically neutral The British Museum has removed the word “Palestine” from some of its displays, saying the term was used inaccurately and is no longer historically neutral. Maps and information panels in the museum’s ancient Middle East galleries had referred to the eastern Mediterranean coast as Palestine, with some people described as being “of Palestinian descent”. Continue reading...",2026-02-16T13:37:36+00:00,2026-02-16T17:10:27.621648+00:00,rss_keyword_filter,a4bc5cd142cf0de0,https://www.theguardian.com/world/rss
The Guardian,theguardian.com,https://www.theguardian.com/australia-news/2026/feb/17/moderate-liberals-warn-angus-taylor-against-adopting-trump-style-immigration-policies,Moderate Liberals warn Angus Taylor against adopting Trump-style immigration policies,"Paul Scarr, the shadow immigration minister under Sussan Ley and South Australian senator Andrew McLachlan expressed concern Get our breaking news email , free app or daily news podcast Liberal MPs have warned their new leader, Angus Taylor, against lurching further to the right, and imposing “blanket bans” on immigration after a proposal was leaked to adopt hardline Trump-like policies to ban immigrants from specific regions under terrorist control – including Gaza and Lebanon. Guardian Australia reported on Monday an immigration plan drafted under the former leader Sussan Ley, proposing to ban migrants from 37 regions of 13 countries where listed terrorist organisations have territorial control. Continue reading...",2026-02-16T14:00:27+00:00,2026-02-16T17:10:27.621201+00:00,rss_keyword_filter,f87ed1e45bd8035b,https://www.theguardian.com/world/rss
Al Jazeera,aljazeera.com,https://www.aljazeera.com/video/newsfeed/2026/2/16/how-shipping-company-msc-facilitates-trade-from-israeli-settlements-through?traffic_source=rss,How shipping company MSC facilitates trade from Israeli settlements through,The world’s largest shipping company MSC has been moving goods to and from illegal Israeli settlements.,2026-02-16T14:02:45+00:00,2026-02-16T17:10:32.276818+00:00,rss_keyword_filter,da27ad4421778be6,https://www.aljazeera.com/xml/rss/all.xml
Al Jazeera,aljazeera.com,https://www.aljazeera.com/news/2026/2/16/israel-to-restart-land-registration-in-west-bank-what-that-means?traffic_source=rss,Israel to restart land registration in West Bank. What that means,"The land registration process will apply to Area C of the occupied West Bank, which is under complete Israeli control.",2026-02-16T14:41:13+00:00,2026-02-16T17:10:32.276577+00:00,rss_keyword_filter,d4b08839e1965fd2,https://www.aljazeera.com/xml/rss/all.xml
Al Jazeera,aljazeera.com,https://www.aljazeera.com/news/2026/2/16/un-staffers-back-francesca-albanese-condemn-european-ministers-for-attacks?traffic_source=rss,"UN staffers back Francesca Albanese, condemn European ministers for attacks","United Staff for Gaza, group of UN staffers, backs the special rapporteur after pro-Israel NGO floats disinformation.",2026-02-16T14:49:16+00:00,2026-02-16T17:10:32.276464+00:00,rss_keyword_filter,eccab419ab593c33,https://www.aljazeera.com/xml/rss/all.xml
Al Jazeera,aljazeera.com,https://www.aljazeera.com/opinions/2026/2/16/europes-israel-policy-faces-a-democratic-test?traffic_source=rss,Europe’s Israel policy faces a democratic test,Citizens have invoked the EU’s own human rights clause to demand suspension of its partnership with Israel.,2026-02-16T15:31:08+00:00,2026-02-16T17:10:32.276274+00:00,rss_keyword_filter,2190e42c18b7242a,https://www.aljazeera.com/xml/rss/all.xml
Al Jazeera,aljazeera.com,https://www.aljazeera.com/news/2026/2/16/new-israeli-housing-plan-near-jerusalem-slammed-as-disguised-annexation?traffic_source=rss,New Israeli housing plan near Jerusalem slammed as ‘disguised annexation’,"Israel plans to build thousands of settlement homes near Jerusalem, in effect expanding city&#039;s borders, activists say.",2026-02-16T16:27:51+00:00,2026-02-16T17:10:32.275780+00:00,rss_keyword_filter,694b8f18ea53aebf,https://www.aljazeera.com/xml/rss/all.xml
Hindustan Times,hindustantimes.com,https://www.hindustantimes.com/world-news/tehran-tv-series-producer-dana-eden-found-dead-in-athens-101771260789231.html,'Tehran' TV series producer Dana Eden found dead in Athens,The 52-year-old Israeli national's body was found Sunday night at a hotel near Syntagma Square.,2026-02-16T16:56:05+00:00,2026-02-16T17:10:38.024418+00:00,rss_keyword_filter,d3d8041f6b61456f,https://www.hindustantimes.com/feeds/rss/world-news/rssfeed.xml
